Filename,Language
Sentence_1_Chunk_1.wav,Korean
Sentence_1_Chunk_2.wav,Korean
Sentence_1_Chunk_3.wav,English
Sentence_1_Chunk_4.wav,Korean
Sentence_1_Chunk_5.wav,Korean
Sentence_1_Chunk_6.wav,Korean
Sentence_2_Chunk_1.wav,Korean
Sentence_2_Chunk_2.wav,Korean
Sentence_2_Chunk_3.wav,English
Sentence_2_Chunk_4.wav,Korean
Sentence_2_Chunk_5.wav,English
Sentence_2_Chunk_6.wav,Korean
Sentence_2_Chunk_7.wav,Korean
Sentence_2_Chunk_8.wav,Korean
Sentence_3_Chunk_1.wav,English
Sentence_3_Chunk_2.wav,Korean
Sentence_3_Chunk_3.wav,Korean
Sentence_3_Chunk_4.wav,English
Sentence_3_Chunk_5.wav,Korean
Sentence_3_Chunk_6.wav,Korean
Sentence_3_Chunk_7.wav,Korean
Sentence_4_Chunk_1.wav,English
Sentence_4_Chunk_2.wav,English
Sentence_4_Chunk_3.wav,English
Sentence_4_Chunk_4.wav,English
Sentence_4_Chunk_5.wav,Korean
Sentence_4_Chunk_6.wav,English
Sentence_4_Chunk_7.wav,English
Sentence_4_Chunk_8.wav,English
Sentence_4_Chunk_9.wav,English
Sentence_4_Chunk_10.wav,Korean
Sentence_5_Chunk_1.wav,Korean
Sentence_5_Chunk_2.wav,English
Sentence_5_Chunk_3.wav,Korean
Sentence_5_Chunk_4.wav,Korean
Sentence_5_Chunk_5.wav,English
Sentence_5_Chunk_6.wav,Korean
Sentence_5_Chunk_7.wav,Korean
Sentence_5_Chunk_8.wav,Korean
Sentence_6_Chunk_1.wav,English
Sentence_6_Chunk_2.wav,English
Sentence_6_Chunk_3.wav,English
Sentence_6_Chunk_4.wav,English
Sentence_6_Chunk_5.wav,English
Sentence_6_Chunk_6.wav,Korean
Sentence_6_Chunk_7.wav,English
Sentence_6_Chunk_8.wav,English
Sentence_6_Chunk_9.wav,English
Sentence_6_Chunk_10.wav,Korean
Sentence_7_Chunk_1.wav,English
Sentence_7_Chunk_2.wav,Korean
Sentence_7_Chunk_3.wav,Korean
Sentence_7_Chunk_4.wav,Korean
Sentence_7_Chunk_5.wav,Korean
Sentence_7_Chunk_6.wav,English
Sentence_7_Chunk_7.wav,Korean
Sentence_7_Chunk_8.wav,Korean
Sentence_7_Chunk_9.wav,Korean
Sentence_8_Chunk_1.wav,English
Sentence_8_Chunk_2.wav,English
Sentence_8_Chunk_3.wav,English
Sentence_8_Chunk_4.wav,English
Sentence_8_Chunk_5.wav,Korean
Sentence_8_Chunk_6.wav,English
Sentence_8_Chunk_7.wav,English
Sentence_8_Chunk_8.wav,English
Sentence_8_Chunk_9.wav,Korean
Sentence_9_Chunk_1.wav,English
Sentence_9_Chunk_2.wav,Korean
Sentence_9_Chunk_3.wav,English
Sentence_9_Chunk_4.wav,Korean
Sentence_9_Chunk_5.wav,Korean
Sentence_9_Chunk_6.wav,Korean
Sentence_9_Chunk_7.wav,Korean
Sentence_10_Chunk_1.wav,English
Sentence_10_Chunk_2.wav,English
Sentence_10_Chunk_3.wav,English
Sentence_10_Chunk_4.wav,English
Sentence_10_Chunk_5.wav,Korean
Sentence_10_Chunk_6.wav,English
Sentence_10_Chunk_7.wav,English
Sentence_10_Chunk_8.wav,Korean
Sentence_10_Chunk_9.wav,English
Sentence_11_Chunk_1.wav,English
Sentence_11_Chunk_2.wav,Korean
Sentence_11_Chunk_3.wav,Korean
Sentence_11_Chunk_4.wav,Korean
Sentence_11_Chunk_5.wav,English
Sentence_11_Chunk_6.wav,Korean
Sentence_11_Chunk_7.wav,Korean
Sentence_12_Chunk_1.wav,English
Sentence_12_Chunk_2.wav,English
Sentence_12_Chunk_3.wav,English
Sentence_12_Chunk_4.wav,English
Sentence_12_Chunk_5.wav,English
Sentence_12_Chunk_6.wav,Korean
Sentence_13_Chunk_1.wav,English
Sentence_13_Chunk_2.wav,Korean
Sentence_13_Chunk_3.wav,English
Sentence_13_Chunk_4.wav,Korean
Sentence_13_Chunk_5.wav,Korean
Sentence_13_Chunk_6.wav,Korean
Sentence_13_Chunk_7.wav,Korean
Sentence_14_Chunk_1.wav,English
Sentence_14_Chunk_2.wav,English
Sentence_14_Chunk_3.wav,English
Sentence_14_Chunk_4.wav,English
Sentence_14_Chunk_5.wav,Korean
Sentence_14_Chunk_6.wav,English
Sentence_14_Chunk_7.wav,English
Sentence_15_Chunk_1.wav,English
Sentence_15_Chunk_2.wav,Korean
Sentence_15_Chunk_3.wav,Korean
Sentence_15_Chunk_4.wav,English
Sentence_15_Chunk_5.wav,Korean
Sentence_15_Chunk_6.wav,Korean
Sentence_15_Chunk_7.wav,Korean
Sentence_15_Chunk_8.wav,Korean
Sentence_16_Chunk_1.wav,English
Sentence_16_Chunk_2.wav,English
Sentence_16_Chunk_3.wav,English
Sentence_16_Chunk_4.wav,English
Sentence_16_Chunk_5.wav,English
Sentence_16_Chunk_6.wav,Korean
Sentence_16_Chunk_7.wav,Korean
Sentence_16_Chunk_8.wav,English
Sentence_16_Chunk_9.wav,English
Sentence_17_Chunk_1.wav,English
Sentence_17_Chunk_2.wav,Korean
Sentence_17_Chunk_3.wav,Korean
Sentence_17_Chunk_4.wav,Korean
Sentence_17_Chunk_5.wav,English
Sentence_17_Chunk_6.wav,Korean
Sentence_17_Chunk_7.wav,Korean
Sentence_17_Chunk_8.wav,Korean
Sentence_18_Chunk_1.wav,English
Sentence_18_Chunk_2.wav,Korean
Sentence_18_Chunk_3.wav,English
Sentence_18_Chunk_4.wav,English
Sentence_18_Chunk_5.wav,English
Sentence_18_Chunk_6.wav,English
Sentence_18_Chunk_7.wav,Korean
Sentence_19_Chunk_1.wav,English
Sentence_19_Chunk_2.wav,Korean
Sentence_19_Chunk_3.wav,Korean
Sentence_19_Chunk_4.wav,Korean
Sentence_19_Chunk_5.wav,English
Sentence_19_Chunk_6.wav,English
Sentence_19_Chunk_7.wav,Korean
Sentence_19_Chunk_8.wav,Korean
Sentence_19_Chunk_9.wav,Korean
Sentence_19_Chunk_10.wav,Korean
Sentence_19_Chunk_11.wav,Korean
Sentence_20_Chunk_1.wav,English
Sentence_20_Chunk_2.wav,English
Sentence_20_Chunk_3.wav,English
Sentence_20_Chunk_4.wav,English
Sentence_20_Chunk_5.wav,Korean
Sentence_20_Chunk_6.wav,Korean
Sentence_20_Chunk_7.wav,English
Sentence_20_Chunk_8.wav,English
Sentence_21_Chunk_1.wav,Korean
Sentence_21_Chunk_2.wav,English
Sentence_21_Chunk_3.wav,Korean
Sentence_21_Chunk_4.wav,Korean
Sentence_21_Chunk_5.wav,Korean
Sentence_22_Chunk_1.wav,English
Sentence_22_Chunk_2.wav,Korean
Sentence_22_Chunk_3.wav,English
Sentence_22_Chunk_4.wav,English
Sentence_22_Chunk_5.wav,Korean
Sentence_22_Chunk_6.wav,English
Sentence_22_Chunk_7.wav,English
Sentence_23_Chunk_1.wav,Korean
Sentence_23_Chunk_2.wav,English
Sentence_23_Chunk_3.wav,Korean
Sentence_23_Chunk_4.wav,English
Sentence_23_Chunk_5.wav,Korean
Sentence_23_Chunk_6.wav,Korean
Sentence_24_Chunk_1.wav,English
Sentence_24_Chunk_2.wav,English
Sentence_24_Chunk_3.wav,English
Sentence_24_Chunk_4.wav,English
Sentence_24_Chunk_5.wav,English
Sentence_24_Chunk_6.wav,Korean
Sentence_24_Chunk_7.wav,English
Sentence_24_Chunk_8.wav,English
Sentence_25_Chunk_1.wav,English
Sentence_25_Chunk_2.wav,Korean
Sentence_25_Chunk_3.wav,Korean
Sentence_25_Chunk_4.wav,Korean
Sentence_25_Chunk_5.wav,English
Sentence_25_Chunk_6.wav,Korean
Sentence_25_Chunk_7.wav,Korean
Sentence_26_Chunk_1.wav,English
Sentence_26_Chunk_2.wav,English
Sentence_26_Chunk_3.wav,English
Sentence_26_Chunk_4.wav,English
Sentence_26_Chunk_5.wav,English
Sentence_26_Chunk_6.wav,English
Sentence_26_Chunk_7.wav,English
Sentence_26_Chunk_8.wav,Korean
Sentence_27_Chunk_1.wav,Korean
Sentence_27_Chunk_2.wav,English
Sentence_27_Chunk_3.wav,Korean
Sentence_27_Chunk_4.wav,Korean
Sentence_27_Chunk_5.wav,Korean
Sentence_28_Chunk_1.wav,English
Sentence_28_Chunk_2.wav,English
Sentence_28_Chunk_3.wav,English
Sentence_28_Chunk_4.wav,English
Sentence_28_Chunk_5.wav,English
Sentence_28_Chunk_6.wav,English
Sentence_28_Chunk_7.wav,Korean
Sentence_28_Chunk_8.wav,Korean
Sentence_29_Chunk_1.wav,Korean
Sentence_29_Chunk_2.wav,English
Sentence_29_Chunk_3.wav,Korean
Sentence_29_Chunk_4.wav,Korean
Sentence_29_Chunk_5.wav,Korean
Sentence_30_Chunk_1.wav,English
Sentence_30_Chunk_2.wav,English
Sentence_30_Chunk_3.wav,English
Sentence_30_Chunk_4.wav,English
Sentence_30_Chunk_5.wav,Korean
Sentence_30_Chunk_6.wav,Korean
Sentence_30_Chunk_7.wav,English
Sentence_30_Chunk_8.wav,English
Sentence_31_Chunk_1.wav,English
Sentence_31_Chunk_2.wav,English
Sentence_31_Chunk_3.wav,Korean
Sentence_31_Chunk_4.wav,English
Sentence_31_Chunk_5.wav,Korean
Sentence_31_Chunk_6.wav,Korean
Sentence_32_Chunk_1.wav,English
Sentence_32_Chunk_2.wav,English
Sentence_32_Chunk_3.wav,Korean
Sentence_32_Chunk_4.wav,English
Sentence_32_Chunk_5.wav,English
Sentence_32_Chunk_6.wav,English
Sentence_32_Chunk_7.wav,English
Sentence_33_Chunk_1.wav,Korean
Sentence_33_Chunk_2.wav,English
Sentence_33_Chunk_3.wav,Korean
Sentence_33_Chunk_4.wav,English
Sentence_33_Chunk_5.wav,Korean
Sentence_34_Chunk_1.wav,English
Sentence_34_Chunk_2.wav,English
Sentence_34_Chunk_3.wav,Korean
Sentence_34_Chunk_4.wav,English
Sentence_34_Chunk_5.wav,English
Sentence_34_Chunk_6.wav,Korean
Sentence_34_Chunk_7.wav,English
Sentence_35_Chunk_1.wav,Korean
Sentence_35_Chunk_2.wav,English
Sentence_35_Chunk_3.wav,Korean
Sentence_35_Chunk_4.wav,Korean
Sentence_35_Chunk_5.wav,Korean
Sentence_36_Chunk_1.wav,English
Sentence_36_Chunk_2.wav,English
Sentence_36_Chunk_3.wav,English
Sentence_36_Chunk_4.wav,English
Sentence_36_Chunk_5.wav,English
Sentence_36_Chunk_6.wav,Korean
Sentence_36_Chunk_7.wav,English
Sentence_36_Chunk_8.wav,English
Sentence_37_Chunk_1.wav,Korean
Sentence_37_Chunk_2.wav,English
Sentence_37_Chunk_3.wav,Korean
Sentence_37_Chunk_4.wav,Korean
Sentence_38_Chunk_1.wav,English
Sentence_38_Chunk_2.wav,English
Sentence_38_Chunk_3.wav,Korean
Sentence_38_Chunk_4.wav,English
Sentence_38_Chunk_5.wav,English
Sentence_38_Chunk_6.wav,English
Sentence_38_Chunk_7.wav,English
Sentence_39_Chunk_1.wav,English
Sentence_39_Chunk_2.wav,Korean
Sentence_39_Chunk_3.wav,English
Sentence_39_Chunk_4.wav,Korean
Sentence_39_Chunk_5.wav,Korean
Sentence_40_Chunk_1.wav,English
Sentence_40_Chunk_2.wav,English
Sentence_40_Chunk_3.wav,English
Sentence_40_Chunk_4.wav,English
Sentence_40_Chunk_5.wav,Korean
Sentence_40_Chunk_6.wav,English
Sentence_40_Chunk_7.wav,English
Sentence_40_Chunk_8.wav,English
Sentence_41_Chunk_1.wav,Korean
Sentence_41_Chunk_2.wav,Korean
Sentence_41_Chunk_3.wav,English
Sentence_41_Chunk_4.wav,Korean
Sentence_41_Chunk_5.wav,English
Sentence_41_Chunk_6.wav,Korean
Sentence_41_Chunk_7.wav,Korean
Sentence_41_Chunk_8.wav,Korean
Sentence_42_Chunk_1.wav,English
Sentence_42_Chunk_2.wav,English
Sentence_42_Chunk_3.wav,English
Sentence_42_Chunk_4.wav,English
Sentence_42_Chunk_5.wav,English
Sentence_42_Chunk_6.wav,Korean
Sentence_42_Chunk_7.wav,English
Sentence_42_Chunk_8.wav,Korean
Sentence_43_Chunk_1.wav,Korean
Sentence_43_Chunk_2.wav,Korean
Sentence_43_Chunk_3.wav,English
Sentence_43_Chunk_4.wav,Korean
Sentence_43_Chunk_5.wav,English
Sentence_43_Chunk_6.wav,Korean
Sentence_43_Chunk_7.wav,Korean
Sentence_44_Chunk_1.wav,English
Sentence_44_Chunk_2.wav,Korean
Sentence_44_Chunk_3.wav,English
Sentence_44_Chunk_4.wav,English
Sentence_44_Chunk_5.wav,English
Sentence_44_Chunk_6.wav,English
Sentence_44_Chunk_7.wav,English
Sentence_44_Chunk_8.wav,English
Sentence_44_Chunk_9.wav,English
Sentence_44_Chunk_10.wav,English
Sentence_44_Chunk_11.wav,English
Sentence_45_Chunk_1.wav,Korean
Sentence_45_Chunk_2.wav,English
Sentence_45_Chunk_3.wav,English
Sentence_45_Chunk_4.wav,Korean
Sentence_45_Chunk_5.wav,Korean
Sentence_45_Chunk_6.wav,Korean
Sentence_46_Chunk_1.wav,English
Sentence_46_Chunk_2.wav,English
Sentence_46_Chunk_3.wav,English
Sentence_46_Chunk_4.wav,English
Sentence_46_Chunk_5.wav,English
Sentence_46_Chunk_6.wav,English
Sentence_46_Chunk_7.wav,English
Sentence_46_Chunk_8.wav,English
Sentence_46_Chunk_9.wav,English
Sentence_46_Chunk_10.wav,Korean
Sentence_47_Chunk_1.wav,Korean
Sentence_47_Chunk_2.wav,English
Sentence_47_Chunk_3.wav,Korean
Sentence_47_Chunk_4.wav,English
Sentence_47_Chunk_5.wav,Korean
Sentence_47_Chunk_6.wav,Korean
Sentence_47_Chunk_7.wav,Korean
Sentence_48_Chunk_1.wav,English
Sentence_48_Chunk_2.wav,English
Sentence_48_Chunk_3.wav,English
Sentence_48_Chunk_4.wav,English
Sentence_48_Chunk_5.wav,English
Sentence_48_Chunk_6.wav,Korean
Sentence_48_Chunk_7.wav,English
Sentence_48_Chunk_8.wav,English
Sentence_48_Chunk_9.wav,English
Sentence_49_Chunk_1.wav,Korean
Sentence_49_Chunk_2.wav,Korean
Sentence_49_Chunk_3.wav,English
Sentence_49_Chunk_4.wav,English
Sentence_49_Chunk_5.wav,Korean
Sentence_49_Chunk_6.wav,Korean
Sentence_50_Chunk_1.wav,English
Sentence_50_Chunk_2.wav,Korean
Sentence_50_Chunk_3.wav,English
Sentence_50_Chunk_4.wav,English
Sentence_50_Chunk_5.wav,English
Sentence_50_Chunk_6.wav,English
Sentence_50_Chunk_7.wav,English
Sentence_50_Chunk_8.wav,English
Sentence_50_Chunk_9.wav,English
Sentence_50_Chunk_10.wav,English
Sentence_51_Chunk_1.wav,Korean
Sentence_51_Chunk_2.wav,English
Sentence_51_Chunk_3.wav,Korean
Sentence_51_Chunk_4.wav,English
Sentence_51_Chunk_5.wav,Korean
Sentence_51_Chunk_6.wav,Korean
Sentence_51_Chunk_7.wav,Korean
Sentence_52_Chunk_1.wav,English
Sentence_52_Chunk_2.wav,English
Sentence_52_Chunk_3.wav,English
Sentence_52_Chunk_4.wav,English
Sentence_52_Chunk_5.wav,English
Sentence_52_Chunk_6.wav,Korean
Sentence_52_Chunk_7.wav,Korean
Sentence_53_Chunk_1.wav,Korean
Sentence_53_Chunk_2.wav,English
Sentence_53_Chunk_3.wav,Korean
Sentence_53_Chunk_4.wav,Korean
Sentence_53_Chunk_5.wav,Korean
Sentence_53_Chunk_6.wav,English
Sentence_53_Chunk_7.wav,Korean
Sentence_54_Chunk_1.wav,English
Sentence_54_Chunk_2.wav,English
Sentence_54_Chunk_3.wav,English
Sentence_54_Chunk_4.wav,English
Sentence_54_Chunk_5.wav,English
Sentence_54_Chunk_6.wav,English
Sentence_54_Chunk_7.wav,English
Sentence_54_Chunk_8.wav,Korean
Sentence_54_Chunk_9.wav,English
Sentence_55_Chunk_1.wav,Korean
Sentence_55_Chunk_2.wav,Korean
Sentence_55_Chunk_3.wav,English
Sentence_55_Chunk_4.wav,Korean
Sentence_55_Chunk_5.wav,English
Sentence_55_Chunk_6.wav,Korean
Sentence_55_Chunk_7.wav,Korean
Sentence_56_Chunk_1.wav,English
Sentence_56_Chunk_2.wav,English
Sentence_56_Chunk_3.wav,English
Sentence_56_Chunk_4.wav,English
Sentence_56_Chunk_5.wav,English
Sentence_56_Chunk_6.wav,English
Sentence_56_Chunk_7.wav,Korean
Sentence_56_Chunk_8.wav,English
Sentence_56_Chunk_9.wav,English
Sentence_57_Chunk_1.wav,Korean
Sentence_57_Chunk_2.wav,English
Sentence_57_Chunk_3.wav,Korean
Sentence_57_Chunk_4.wav,Korean
Sentence_57_Chunk_5.wav,English
Sentence_57_Chunk_6.wav,Korean
Sentence_57_Chunk_7.wav,Korean
Sentence_57_Chunk_8.wav,Korean
Sentence_58_Chunk_1.wav,English
Sentence_58_Chunk_2.wav,English
Sentence_58_Chunk_3.wav,English
Sentence_58_Chunk_4.wav,English
Sentence_58_Chunk_5.wav,English
Sentence_58_Chunk_6.wav,Korean
Sentence_58_Chunk_7.wav,English
Sentence_58_Chunk_8.wav,English
Sentence_59_Chunk_1.wav,Korean
Sentence_59_Chunk_2.wav,English
Sentence_59_Chunk_3.wav,Korean
Sentence_59_Chunk_4.wav,English
Sentence_59_Chunk_5.wav,Korean
Sentence_59_Chunk_6.wav,Korean
Sentence_59_Chunk_7.wav,Korean
Sentence_60_Chunk_1.wav,English
Sentence_60_Chunk_2.wav,Korean
Sentence_60_Chunk_3.wav,English
Sentence_60_Chunk_4.wav,English
Sentence_60_Chunk_5.wav,English
Sentence_60_Chunk_6.wav,English
Sentence_60_Chunk_7.wav,English
Sentence_60_Chunk_8.wav,English
Sentence_60_Chunk_9.wav,English
Sentence_60_Chunk_10.wav,English
Sentence_60_Chunk_11.wav,English
Sentence_61_Chunk_1.wav,Korean
Sentence_61_Chunk_2.wav,English
Sentence_61_Chunk_3.wav,Korean
Sentence_61_Chunk_4.wav,Korean
Sentence_61_Chunk_5.wav,English
Sentence_61_Chunk_6.wav,Korean
Sentence_61_Chunk_7.wav,Korean
Sentence_61_Chunk_8.wav,Korean
Sentence_62_Chunk_1.wav,English
Sentence_62_Chunk_2.wav,English
Sentence_62_Chunk_3.wav,English
Sentence_62_Chunk_4.wav,Korean
Sentence_62_Chunk_5.wav,English
Sentence_62_Chunk_6.wav,English
Sentence_62_Chunk_7.wav,English
Sentence_63_Chunk_1.wav,Korean
Sentence_63_Chunk_2.wav,English
Sentence_63_Chunk_3.wav,Korean
Sentence_63_Chunk_4.wav,Korean
Sentence_63_Chunk_5.wav,Korean
Sentence_63_Chunk_6.wav,Korean
Sentence_64_Chunk_1.wav,English
Sentence_64_Chunk_2.wav,Korean
Sentence_64_Chunk_3.wav,English
Sentence_64_Chunk_4.wav,English
Sentence_64_Chunk_5.wav,English
Sentence_64_Chunk_6.wav,Korean
Sentence_65_Chunk_1.wav,Korean
Sentence_65_Chunk_2.wav,Korean
Sentence_65_Chunk_3.wav,English
Sentence_65_Chunk_4.wav,English
Sentence_65_Chunk_5.wav,Korean
Sentence_65_Chunk_6.wav,Korean
Sentence_65_Chunk_7.wav,Korean
Sentence_66_Chunk_1.wav,English
Sentence_66_Chunk_2.wav,English
Sentence_66_Chunk_3.wav,English
Sentence_66_Chunk_4.wav,English
Sentence_66_Chunk_5.wav,English
Sentence_66_Chunk_6.wav,English
Sentence_66_Chunk_7.wav,Korean
Sentence_66_Chunk_8.wav,English
Sentence_66_Chunk_9.wav,English
Sentence_66_Chunk_10.wav,English
Sentence_66_Chunk_11.wav,English
Sentence_67_Chunk_1.wav,Korean
Sentence_67_Chunk_2.wav,English
Sentence_67_Chunk_3.wav,Korean
Sentence_67_Chunk_4.wav,Korean
Sentence_67_Chunk_5.wav,Korean
Sentence_68_Chunk_1.wav,English
Sentence_68_Chunk_2.wav,English
Sentence_68_Chunk_3.wav,English
Sentence_68_Chunk_4.wav,English
Sentence_68_Chunk_5.wav,English
Sentence_68_Chunk_6.wav,English
Sentence_68_Chunk_7.wav,Korean
Sentence_68_Chunk_8.wav,English
Sentence_69_Chunk_1.wav,Korean
Sentence_69_Chunk_2.wav,English
Sentence_69_Chunk_3.wav,Korean
Sentence_69_Chunk_4.wav,English
Sentence_69_Chunk_5.wav,Korean
Sentence_69_Chunk_6.wav,Korean
Sentence_70_Chunk_1.wav,English
Sentence_70_Chunk_2.wav,English
Sentence_70_Chunk_3.wav,English
Sentence_70_Chunk_4.wav,English
Sentence_70_Chunk_5.wav,Korean
Sentence_70_Chunk_6.wav,English
Sentence_70_Chunk_7.wav,English
Sentence_70_Chunk_8.wav,English
Sentence_70_Chunk_9.wav,English
Sentence_71_Chunk_1.wav,Korean
Sentence_71_Chunk_2.wav,Korean
Sentence_71_Chunk_3.wav,Korean
Sentence_71_Chunk_4.wav,English
Sentence_71_Chunk_5.wav,Korean
Sentence_71_Chunk_6.wav,English
Sentence_71_Chunk_7.wav,Korean
Sentence_72_Chunk_1.wav,English
Sentence_72_Chunk_2.wav,Korean
Sentence_72_Chunk_3.wav,English
Sentence_72_Chunk_4.wav,English
Sentence_72_Chunk_5.wav,English
Sentence_72_Chunk_6.wav,English
Sentence_72_Chunk_7.wav,English
Sentence_73_Chunk_1.wav,Korean
Sentence_73_Chunk_2.wav,English
Sentence_73_Chunk_3.wav,Korean
Sentence_73_Chunk_4.wav,Korean
Sentence_73_Chunk_5.wav,Korean
Sentence_73_Chunk_6.wav,Korean
Sentence_73_Chunk_7.wav,Korean
Sentence_74_Chunk_1.wav,English
Sentence_74_Chunk_2.wav,English
Sentence_74_Chunk_3.wav,English
Sentence_74_Chunk_4.wav,Korean
Sentence_74_Chunk_5.wav,English
Sentence_74_Chunk_6.wav,English
Sentence_74_Chunk_7.wav,English
Sentence_74_Chunk_8.wav,English
Sentence_74_Chunk_9.wav,English
Sentence_74_Chunk_10.wav,English
Sentence_75_Chunk_1.wav,Korean
Sentence_75_Chunk_2.wav,Korean
Sentence_75_Chunk_3.wav,English
Sentence_75_Chunk_4.wav,Korean
Sentence_75_Chunk_5.wav,Korean
Sentence_76_Chunk_1.wav,English
Sentence_76_Chunk_2.wav,English
Sentence_76_Chunk_3.wav,English
Sentence_76_Chunk_4.wav,English
Sentence_76_Chunk_5.wav,English
Sentence_76_Chunk_6.wav,English
Sentence_76_Chunk_7.wav,Korean
Sentence_76_Chunk_8.wav,Korean
Sentence_77_Chunk_1.wav,Korean
Sentence_77_Chunk_2.wav,English
Sentence_77_Chunk_3.wav,Korean
Sentence_77_Chunk_4.wav,Korean
Sentence_77_Chunk_5.wav,Korean
Sentence_78_Chunk_1.wav,English
Sentence_78_Chunk_2.wav,English
Sentence_78_Chunk_3.wav,Korean
Sentence_78_Chunk_4.wav,English
Sentence_78_Chunk_5.wav,English
Sentence_78_Chunk_6.wav,English
Sentence_78_Chunk_7.wav,English
Sentence_78_Chunk_8.wav,English
Sentence_79_Chunk_1.wav,Korean
Sentence_79_Chunk_2.wav,English
Sentence_79_Chunk_3.wav,Korean
Sentence_79_Chunk_4.wav,English
Sentence_79_Chunk_5.wav,Korean
Sentence_79_Chunk_6.wav,Korean
Sentence_79_Chunk_7.wav,Korean
Sentence_80_Chunk_1.wav,English
Sentence_80_Chunk_2.wav,English
Sentence_80_Chunk_3.wav,English
Sentence_80_Chunk_4.wav,English
Sentence_80_Chunk_5.wav,Korean
Sentence_80_Chunk_6.wav,English
Sentence_80_Chunk_7.wav,Korean
Sentence_81_Chunk_1.wav,Korean
Sentence_81_Chunk_2.wav,English
Sentence_81_Chunk_3.wav,Korean
Sentence_81_Chunk_4.wav,English
Sentence_81_Chunk_5.wav,Korean
Sentence_81_Chunk_6.wav,Korean
Sentence_82_Chunk_1.wav,English
Sentence_82_Chunk_2.wav,Korean
Sentence_82_Chunk_3.wav,English
Sentence_82_Chunk_4.wav,English
Sentence_82_Chunk_5.wav,English
Sentence_82_Chunk_6.wav,English
Sentence_82_Chunk_7.wav,English
Sentence_82_Chunk_8.wav,English
Sentence_82_Chunk_9.wav,English
Sentence_83_Chunk_1.wav,Korean
Sentence_83_Chunk_2.wav,English
Sentence_83_Chunk_3.wav,Korean
Sentence_83_Chunk_4.wav,English
Sentence_83_Chunk_5.wav,Korean
Sentence_83_Chunk_6.wav,Korean
Sentence_84_Chunk_1.wav,English
Sentence_84_Chunk_2.wav,English
Sentence_84_Chunk_3.wav,English
Sentence_84_Chunk_4.wav,English
Sentence_84_Chunk_5.wav,English
Sentence_84_Chunk_6.wav,English
Sentence_84_Chunk_7.wav,English
Sentence_84_Chunk_8.wav,English
Sentence_84_Chunk_9.wav,Korean
Sentence_84_Chunk_10.wav,Korean
Sentence_85_Chunk_1.wav,Korean
Sentence_85_Chunk_2.wav,English
Sentence_85_Chunk_3.wav,English
Sentence_85_Chunk_4.wav,Korean
Sentence_85_Chunk_5.wav,Korean
Sentence_85_Chunk_6.wav,Korean
Sentence_86_Chunk_1.wav,English
Sentence_86_Chunk_2.wav,English
Sentence_86_Chunk_3.wav,English
Sentence_86_Chunk_4.wav,English
Sentence_86_Chunk_5.wav,Korean
Sentence_86_Chunk_6.wav,English
Sentence_86_Chunk_7.wav,Korean
Sentence_87_Chunk_1.wav,Korean
Sentence_87_Chunk_2.wav,Korean
Sentence_87_Chunk_3.wav,English
Sentence_87_Chunk_4.wav,Korean
Sentence_87_Chunk_5.wav,Korean
Sentence_87_Chunk_6.wav,Korean
Sentence_88_Chunk_1.wav,English
Sentence_88_Chunk_2.wav,English
Sentence_88_Chunk_3.wav,English
Sentence_88_Chunk_4.wav,English
Sentence_88_Chunk_5.wav,Korean
Sentence_88_Chunk_6.wav,English
Sentence_88_Chunk_7.wav,Korean
Sentence_88_Chunk_8.wav,English
Sentence_88_Chunk_9.wav,English
Sentence_88_Chunk_10.wav,English
Sentence_89_Chunk_1.wav,Korean
Sentence_89_Chunk_2.wav,English
Sentence_89_Chunk_3.wav,Korean
Sentence_89_Chunk_4.wav,Korean
Sentence_89_Chunk_5.wav,English
Sentence_89_Chunk_6.wav,Korean
Sentence_89_Chunk_7.wav,Korean
Sentence_89_Chunk_8.wav,Korean
Sentence_90_Chunk_1.wav,English
Sentence_90_Chunk_2.wav,Korean
Sentence_90_Chunk_3.wav,English
Sentence_90_Chunk_4.wav,English
Sentence_90_Chunk_5.wav,English
Sentence_90_Chunk_6.wav,English
Sentence_90_Chunk_7.wav,English
Sentence_90_Chunk_8.wav,English
Sentence_90_Chunk_9.wav,English
Sentence_90_Chunk_10.wav,English
Sentence_91_Chunk_1.wav,Korean
Sentence_91_Chunk_2.wav,Korean
Sentence_91_Chunk_3.wav,English
Sentence_91_Chunk_4.wav,Korean
Sentence_91_Chunk_5.wav,Korean
Sentence_91_Chunk_6.wav,Korean
Sentence_92_Chunk_1.wav,English
Sentence_92_Chunk_2.wav,Korean
Sentence_92_Chunk_3.wav,English
Sentence_92_Chunk_4.wav,English
Sentence_92_Chunk_5.wav,English
Sentence_92_Chunk_6.wav,English
Sentence_92_Chunk_7.wav,English
Sentence_92_Chunk_8.wav,English
Sentence_93_Chunk_1.wav,Korean
Sentence_93_Chunk_2.wav,Korean
Sentence_93_Chunk_3.wav,English
Sentence_93_Chunk_4.wav,Korean
Sentence_93_Chunk_5.wav,Korean
Sentence_94_Chunk_1.wav,English
Sentence_94_Chunk_2.wav,English
Sentence_94_Chunk_3.wav,English
Sentence_94_Chunk_4.wav,Korean
Sentence_94_Chunk_5.wav,English
Sentence_94_Chunk_6.wav,English
Sentence_94_Chunk_7.wav,English
Sentence_94_Chunk_8.wav,English
Sentence_94_Chunk_9.wav,English
Sentence_95_Chunk_1.wav,Korean
Sentence_95_Chunk_2.wav,English
Sentence_95_Chunk_3.wav,Korean
Sentence_95_Chunk_4.wav,Korean
Sentence_95_Chunk_5.wav,English
Sentence_95_Chunk_6.wav,Korean
Sentence_95_Chunk_7.wav,Korean
Sentence_95_Chunk_8.wav,Korean
Sentence_96_Chunk_1.wav,English
Sentence_96_Chunk_2.wav,English
Sentence_96_Chunk_3.wav,English
Sentence_96_Chunk_4.wav,English
Sentence_96_Chunk_5.wav,Korean
Sentence_96_Chunk_6.wav,English
Sentence_96_Chunk_7.wav,English
Sentence_96_Chunk_8.wav,English
Sentence_97_Chunk_1.wav,Korean
Sentence_97_Chunk_2.wav,Korean
Sentence_97_Chunk_3.wav,English
Sentence_97_Chunk_4.wav,Korean
Sentence_97_Chunk_5.wav,Korean
Sentence_98_Chunk_1.wav,English
Sentence_98_Chunk_2.wav,English
Sentence_98_Chunk_3.wav,English
Sentence_98_Chunk_4.wav,English
Sentence_98_Chunk_5.wav,English
Sentence_98_Chunk_6.wav,English
Sentence_98_Chunk_7.wav,English
Sentence_98_Chunk_8.wav,Korean
Sentence_98_Chunk_9.wav,English
Sentence_98_Chunk_10.wav,English
Sentence_99_Chunk_1.wav,Korean
Sentence_99_Chunk_2.wav,Korean
Sentence_99_Chunk_3.wav,Korean
Sentence_99_Chunk_4.wav,English
Sentence_99_Chunk_5.wav,Korean
Sentence_99_Chunk_6.wav,Korean
Sentence_99_Chunk_7.wav,Korean
Sentence_100_Chunk_1.wav,English
Sentence_100_Chunk_2.wav,English
Sentence_100_Chunk_3.wav,English
Sentence_100_Chunk_4.wav,English
Sentence_100_Chunk_5.wav,English
Sentence_100_Chunk_6.wav,Korean
Sentence_100_Chunk_7.wav,Korean
Sentence_100_Chunk_8.wav,English
